{"spawns":{"red":{"x":-25.05214965832372,"y":84.0,"z":25.947764439190706,"yaw":225.0,"pitch":0.0,"world":"Spectrum-4x2"},"green":{"x":26.060292078953154,"y":84.0,"z":-24.939707921046846,"yaw":45.0,"pitch":0.0,"world":"Spectrum-4x2"},"blue":{"x":26.022417632167517,"y":84.0,"z":25.977582367832483,"yaw":135.0,"pitch":0.0,"world":"Spectrum-4x2"},"spectator":{"x":0.5,"y":89.0,"z":0.5,"yaw":0.0,"pitch":90.0,"world":"Spectrum-4x2"},"purple":{"x":-25.022417632167517,"y":84.0,"z":-24.97753223697618,"yaw":315.0,"pitch":0.0,"world":"Spectrum-4x2"}}}