{"spawns":{"red":{"x":0.5,"y":121.0,"z":15.5,"yaw":180.0,"pitch":0.0,"world":"SpiralMini-2x2"},"blue":{"x":0.5,"y":121.0,"z":-13.5,"yaw":0.0,"pitch":0.0,"world":"SpiralMini-2x2"},"spectator":{"x":0.5,"y":148.60613302201656,"z":0.9958976319464723,"yaw":89.967995,"pitch":90.0,"world":"SpiralMini-2x2"}}}