{"spawns":{"red":{"x":0.5,"y":121.0,"z":15.5,"yaw":180.0,"pitch":0.0,"world":"SpiralMini-2x1"},"blue":{"x":0.5,"y":121.0,"z":-13.5,"yaw":0.0,"pitch":0.0,"world":"SpiralMini-2x1"},"spectator":{"x":0.4998196038941387,"y":156.90382211816217,"z":1.0002682029747458,"yaw":90.00167,"pitch":90.0,"world":"SpiralMini-2x1"}}}