{"spawns":{"red":{"x":1.0,"y":130.0,"z":32.0,"yaw":-180.0164,"pitch":0.0393769,"world":"Pokemon-4x1"},"green":{"x":1.0,"y":130.0,"z":-32.0,"yaw":0.047548927,"pitch":0.015679864,"world":"Pokemon-4x1"},"blue":{"x":34.0,"y":130.0,"z":0.0,"yaw":90.00853,"pitch":0.03944558,"world":"Pokemon-4x1"},"spectator":{"x":1.0,"y":142.6143564134312,"z":0.0,"yaw":0.02379745,"pitch":90.0,"world":"Pokemon-4x1"},"purple":{"x":-31.0,"y":130.0,"z":0.0,"yaw":-90.00832,"pitch":0.039449215,"world":"Pokemon-4x1"}}}