{"spawns":{"red":{"x":0.0,"y":96.0,"z":-28.0,"yaw":1.41594555E-5,"pitch":0.039492406,"world":"Fusion-8x1"},"green":{"x":-28.0,"y":96.0,"z":1.0,"yaw":-90.03232,"pitch":0.015621666,"world":"Fusion-8x1"},"white":{"x":-19.0,"y":97.0,"z":22.0,"yaw":224.49669,"pitch":0.03935211,"world":"Fusion-8x1"},"blue":{"x":29.0,"y":96.0,"z":0.0,"yaw":90.03161,"pitch":0.039422903,"world":"Fusion-8x1"},"spectator":{"x":0.5,"y":114.0,"z":0.5,"yaw":270.0,"pitch":90.0,"world":"Fusion-8x1"},"black":{"x":1.0,"y":96.0,"z":29.0,"yaw":-179.99228,"pitch":0.015563613,"world":"Fusion-8x1"},"yellow":{"x":-20.0,"y":96.0,"z":-18.0,"yaw":-45.00389,"pitch":0.03941386,"world":"Fusion-8x1"},"purple":{"x":20.0,"y":96.0,"z":-20.0,"yaw":44.98026,"pitch":0.039507374,"world":"Fusion-8x1"},"brown":{"x":21.0,"y":97.0,"z":21.0,"yaw":134.96504,"pitch":0.039419934,"world":"Fusion-8x1"}}}