{"spawns":{"red":{"x":21.00135608111934,"y":110.0,"z":0.9945055152588906,"yaw":-269.9521,"pitch":0.042931013,"world":"BrackersMini-2x1"},"spectator":{"x":0.9940766470653182,"y":131.47952294181016,"z":1.0016272869996965,"yaw":-179.97284,"pitch":90.0,"world":"BrackersMini-2x1"},"blue":{"x":-19.0,"y":110.0,"z":1.0,"yaw":270.0,"pitch":0.0,"world":"BrackersMini-2x1"}}}