{"spawns":{"red":{"x":0.998538940186079,"y":129.0,"z":-29.000363492290823,"yaw":-359.97253,"pitch":0.015697746,"world":"Crafting-4x1"},"green":{"x":-28.999776272363064,"y":129.0,"z":1.0031689091288072,"yaw":-89.95068,"pitch":0.039432228,"world":"Crafting-4x1"},"blue":{"x":31.001871776590416,"y":129.0,"z":1.0022966933769712,"yaw":-270.00006,"pitch":0.039390147,"world":"Crafting-4x1"},"spectator":{"x":1.000520609950301,"y":143.35201126602126,"z":0.9999158573039378,"yaw":-270.04227,"pitch":90.0,"world":"Crafting-4x1"},"purple":{"x":0.9995827064029907,"y":129.0,"z":30.9956006758316,"yaw":-180.0163,"pitch":0.01559544,"world":"Crafting-4x1"}}}