{"spawns":{"red":{"x":-34.5,"y":120.0,"z":0.5,"yaw":270.0,"pitch":0.0,"world":"Smallcubes-2x2"},"blue":{"x":36.5,"y":120.0,"z":0.5,"yaw":90.0,"pitch":0.0,"world":"Smallcubes-2x2"},"spectator":{"x":0.996056528011152,"y":166.1143564718891,"z":0.5,"yaw":270.0,"pitch":90.0,"world":"Smallcubes-2x2"}}}