{"spawns":{"red":{"x":-20.004886545160872,"y":157.0,"z":-19.005658611508807,"yaw":-45.04923,"pitch":0.039443076,"world":"Grid-4x2"},"green":{"x":-20.000388814951066,"y":157.0,"z":21.000830984531948,"yaw":-134.96031,"pitch":0.015560402,"world":"Grid-4x2"},"blue":{"x":19.998687611393336,"y":157.0,"z":-19.00009362969547,"yaw":-314.9527,"pitch":0.015622405,"world":"Grid-4x2"},"spectator":{"x":4.973486828999674E-4,"y":188.6221113144326,"z":0.9997082328569638,"yaw":-270.00415,"pitch":90.0,"world":"Grid-4x2"},"purple":{"x":19.998883906279204,"y":157.0,"z":20.998834577353637,"yaw":-225.016,"pitch":0.03941852,"world":"Grid-4x2"}}}