{"spawns":{"red":{"x":-34.5,"y":120.0,"z":0.5,"yaw":270.0,"pitch":0.0,"world":"Smallcubes-2x1"},"blue":{"x":36.5,"y":120.0,"z":0.5,"yaw":90.0,"pitch":0.0,"world":"Smallcubes-2x1"},"spectator":{"x":0.9987038682419859,"y":170.22994307191317,"z":0.5000467902466426,"yaw":90.02127,"pitch":90.0,"world":"Smallcubes-2x1"}}}